Year,Month,Day,RR,TMAX,TMIN,UMAX,UMIN
2021,1,1,0.0,37.0,19.5,56.0,23.0
2021,1,2,0.0,36.0,22.5,36.0,28.0
2021,1,3,0.0,36.0,21.2,50.0,30.0
2021,1,4,0.0,36.4,23.0,41.0,26.0
2021,1,5,0.0,36.6,22.2,30.0,20.0
2021,1,6,0.0,36.6,20.7,38.0,21.0
2021,1,7,0.0,38.7,22.2,30.0,20.0
2021,1,8,0.0,39.6,20.5,44.0,18.0
2021,1,9,0.0,39.7,19.5,50.0,19.0
2021,1,10,0.0,39.5,19.5,50.0,18.0
2021,1,11,0.0,36.2,21.1,39.0,22.0
2021,1,12,0.0,36.6,20.7,33.0,24.0
2021,1,13,0.0,36.2,21.7,32.0,18.0
2021,1,14,0.0,36.7,21.2,33.0,15.0
2021,1,15,0.0,36.1,20.5,29.0,16.0
2021,1,16,0.0,34.5,19.2,25.0,18.0
2021,1,17,0.0,35.0,18.0,35.0,16.0
2021,1,18,0.0,35.4,19.4,23.0,17.0
2021,1,19,0.0,36.7,20.0,26.0,19.0
2021,1,20,0.0,38.1,20.3,35.0,18.0
2021,1,21,0.0,36.5,20.3,41.0,20.0
2021,1,22,0.0,35.0,21.0,38.0,21.0
2021,1,23,0.0,34.5,21.0,31.0,19.0
2021,1,24,0.0,36.2,18.0,36.0,18.0
2021,1,25,0.0,36.8,18.0,35.0,14.0
2021,1,26,0.0,37.7,18.3,43.0,19.0
2021,1,27,0.0,37.7,20.6,25.0,13.0
2021,1,28,0.0,38.0,22.2,25.0,17.0
2021,1,29,0.0,38.1,19.3,36.0,18.0
2021,1,30,0.0,38.0,22.0,36.0,24.0
2021,1,31,0.0,35.7,21.0,31.0,22.0
2021,2,1,0.0,36.8,18.8,38.0,23.0
2021,2,2,0.0,37.7,18.7,41.0,21.0
2021,2,3,0.0,37.9,17.6,48.0,26.0
2021,2,4,0.0,39.7,18.2,53.0,22.0
2021,2,5,0.0,39.0,19.3,46.0,21.0
2021,2,6,0.0,38.0,22.5,29.0,17.0
2021,2,7,0.0,29.1,23.5,35.0,29.0
2021,2,8,0.0,36.0,20.9,37.0,23.0
2021,2,9,0.0,37.3,21.9,38.0,20.0
2021,2,10,0.0,38.7,22.2,35.0,17.0
2021,2,11,0.0,40.3,24.2,26.0,15.0
2021,2,12,0.0,41.8,22.0,34.0,14.0
2021,2,13,0.0,42.0,20.6,40.0,14.0
2021,2,14,0.0,41.3,21.1,43.0,20.0
2021,2,15,0.0,40.7,23.5,38.0,21.0
2021,2,16,0.0,40.7,24.5,54.0,25.0
2021,2,17,0.0,36.7,25.6,63.0,38.0
2021,2,18,0.0,34.7,25.5,34.0,24.0
2021,2,19,0.0,38.0,24.5,48.0,26.0
2021,2,20,0.0,37.3,25.5,24.0,19.0
2021,2,21,0.0,39.0,22.2,42.0,17.0
2021,2,22,0.0,37.8,21.2,39.0,13.0
2021,2,23,0.0,38.2,24.2,27.0,17.0
2021,2,24,0.0,38.5,22.3,29.0,17.0
2021,2,25,0.0,36.9,22.5,24.0,15.0
2021,2,26,0.0,34.9,20.7,27.0,17.0
2021,2,27,0.0,36.0,20.7,26.0,21.0
2021,2,28,0.0,37.3,24.5,28.0,21.0
2021,3,1,0.0,39.3,24.3,28.0,19.0
2021,3,2,0.0,40.2,27.3,31.0,19.0
2021,3,3,0.0,40.5,26.7,29.0,20.0
2021,3,4,0.0,41.5,24.5,48.0,21.0
2021,3,5,0.0,39.6,24.5,31.0,21.0
2021,3,6,0.0,40.0,25.5,42.0,26.0
2021,3,7,0.0,42.0,27.5,65.0,27.0
2021,3,8,0.0,37.7,27.9,33.0,23.0
2021,3,9,0.0,40.5,25.6,32.0,14.0
2021,3,10,0.0,38.7,25.0,31.0,19.0
2021,3,11,0.0,37.1,24.1,26.0,18.0
2021,3,12,0.0,35.0,23.0,25.0,20.0
2021,3,13,0.0,35.5,21.9,31.0,20.0
2021,3,14,0.0,37.3,23.0,31.0,21.0
2021,3,15,0.0,38.4,26.3,28.0,19.0
2021,3,16,0.0,39.2,24.9,33.0,16.0
2021,3,17,0.0,39.7,24.7,37.0,18.0
2021,3,18,0.0,39.6,24.5,29.0,19.0
2021,3,19,0.0,39.5,23.5,44.0,26.0
2021,3,20,0.0,39.5,27.6,55.0,29.0
2021,3,21,0.0,40.0,27.4,64.0,36.0
2021,3,22,0.0,37.8,26.7,61.0,35.0
2021,3,23,0.0,41.5,27.7,62.0,23.0
2021,3,24,0.0,41.6,26.5,30.0,18.0
2021,3,25,0.0,41.7,26.0,23.0,17.0
2021,3,26,0.0,41.5,25.5,26.0,22.0
2021,3,27,0.0,43.1,24.5,28.0,16.0
2021,3,28,0.0,40.5,25.5,48.0,35.0
2021,3,29,0.0,41.3,26.0,72.0,25.0
2021,3,30,0.0,40.6,24.4,49.0,27.0
2021,3,31,0.0,41.3,24.0,46.0,20.0
2021,4,1,0.0,41.5,25.1,44.0,23.0
2021,4,2,0.0,42.6,23.5,43.0,16.0
2021,4,3,0.0,42.3,24.8,33.0,18.0
2021,4,4,0.0,42.1,22.0,40.0,18.0
2021,4,5,0.0,43.5,23.5,47.0,19.0
2021,4,6,0.0,42.7,25.3,32.0,17.0
2021,4,7,0.0,42.7,24.9,39.0,15.0
2021,4,8,0.0,44.2,24.0,36.0,12.0
2021,4,9,0.0,44.7,27.0,28.0,13.0
2021,4,10,0.0,44.0,24.5,40.0,16.0
2021,4,11,0.0,44.0,24.5,45.0,18.0
2021,4,12,0.0,44.1,26.9,51.0,21.0
2021,4,13,0.0,43.6,27.0,51.0,24.0
2021,4,14,0.0,39.5,29.0,58.0,34.0
2021,4,15,0.0,41.5,27.5,64.0,30.0
2021,4,16,0.0,43.2,28.5,54.0,24.0
2021,4,17,0.0,34.0,28.4,61.0,25.0
2021,4,18,0.0,42.0,24.5,74.0,23.0
2021,4,19,0.0,42.8,26.8,35.0,15.0
2021,4,20,0.0,43.6,25.7,42.0,20.0
2021,4,21,0.0,42.0,28.2,59.0,27.0
2021,4,22,0.1,41.0,29.1,70.0,39.0
2021,4,23,0.0,42.3,27.5,64.0,27.0
2021,4,24,2.3,43.0,28.5,53.0,25.0
2021,4,25,0.0,40.2,26.8,64.0,31.0
2021,4,26,0.0,43.4,27.3,61.0,22.0
2021,4,27,0.0,42.8,27.5,61.0,32.0
2021,4,28,0.0,43.3,28.0,57.0,22.0
2021,4,29,0.0,41.5,28.9,63.0,33.0
2021,4,30,1.3,42.7,27.0,68.0,26.0
2021,5,1,0.7,35.0,24.0,88.0,51.0
2021,5,2,0.0,37.0,28.0,67.0,39.0
2021,5,3,0.0,36.3,29.6,67.0,44.0
2021,5,4,0.0,38.2,27.6,68.0,39.0
2021,5,5,0.0,40.4,29.2,69.0,24.0
2021,5,6,0.0,38.5,29.5,56.0,37.0
2021,5,7,2.7,41.1,28.0,64.0,34.0
2021,5,8,0.0,42.5,25.9,73.0,33.0
2021,5,9,0.0,41.0,29.2,61.0,41.0
2021,5,10,75.6,41.5,28.5,66.0,30.0
2021,5,11,0.0,39.7,27.0,65.0,44.0
2021,5,12,0.2,32.3,22.0,84.0,57.0
2021,5,13,0.0,41.8,24.6,90.0,23.0
2021,5,14,0.0,40.2,25.1,56.0,31.0
2021,5,15,0.0,41.0,28.2,65.0,39.0
2021,5,16,0.0,39.7,25.5,71.0,37.0
2021,5,17,0.0,41.2,28.0,71.0,46.0
2021,5,18,3.4,40.3,26.4,81.0,39.0
2021,5,19,1.2,37.0,23.0,79.0,45.0
2021,5,20,10.5,39.7,25.1,85.0,50.0
2021,5,21,0.0,37.3,24.5,84.0,53.0
2021,5,22,0.0,40.0,26.0,80.0,45.0
2021,5,23,0.0,39.1,28.0,72.0,52.0
2021,5,24,0.0,40.7,26.7,73.0,25.0
2021,5,25,0.0,36.0,28.8,66.0,50.0
2021,5,26,0.0,39.9,28.2,78.0,38.0
2021,5,27,0.0,37.7,28.1,66.0,40.0
2021,5,28,0.0,37.0,27.5,58.0,38.0
2021,5,29,5.3,37.5,27.7,72.0,45.0
2021,5,30,23.3,39.5,26.0,81.0,39.0
2021,5,31,0.0,37.2,23.1,84.0,40.0
2021,6,1,0.0,38.2,27.7,78.0,43.0
2021,6,2,0.0,39.4,25.8,80.0,38.0
2021,6,3,0.0,41.0,26.0,78.0,35.0
2021,6,4,0.0,39.5,24.5,89.0,36.0
2021,6,5,0.0,40.5,26.6,78.0,37.0
2021,6,6,1.2,31.0,24.5,74.0,55.0
2021,6,7,0.0,37.7,23.9,84.0,41.0
2021,6,8,0.4,39.7,26.0,81.0,33.0
2021,6,9,0.4,32.1,24.0,84.0,54.0
2021,6,10,0.0,37.0,24.9,85.0,48.0
2021,6,11,0.6,35.5,25.5,78.0,57.0
2021,6,12,0.0,39.0,25.5,88.0,38.0
2021,6,13,0.0,39.0,26.8,77.0,51.0
2021,6,14,17.6,37.8,26.8,85.0,47.0
2021,6,15,0.9,31.3,23.2,83.0,61.0
2021,6,16,0.0,33.8,24.7,84.0,58.0
2021,6,17,0.0,37.8,25.1,88.0,42.0
2021,6,18,0.0,37.1,26.5,67.0,41.0
2021,6,19,2.2,37.3,27.1,71.0,46.0
2021,6,20,4.5,35.1,24.5,91.0,54.0
2021,6,21,0.0,33.3,23.4,87.0,56.0
2021,6,22,4.4,30.2,23.7,86.0,49.0
2021,6,23,0.0,35.4,23.3,87.0,54.0
2021,6,24,0.0,34.0,24.1,79.0,56.0
2021,6,25,19.6,36.1,23.1,90.0,46.0
2021,6,26,0.0,35.5,23.9,84.0,49.0
2021,6,27,0.0,35.2,25.0,76.0,54.0
2021,6,28,24.5,37.2,25.5,84.0,48.0
2021,6,29,28.2,33.7,21.6,82.0,39.0
2021,6,30,0.0,33.4,23.0,95.0,58.0
2021,7,1,0.0,35.6,23.9,90.0,49.0
2021,7,2,31.7,28.7,22.1,94.0,73.0
2021,7,3,0.0,34.2,23.4,94.0,40.0
2021,7,4,16.6,34.5,25.5,85.0,58.0
2021,7,5,4.5,28.7,21.7,93.0,73.0
2021,7,6,0.0,34.3,23.4,95.0,57.0
2021,7,7,0.0,35.2,25.4,87.0,59.0
2021,7,8,0.0,36.5,25.1,86.0,50.0
2021,7,9,40.5,35.4,27.5,82.0,55.0
2021,7,10,14.3,31.0,22.5,89.0,70.0
2021,7,11,0.0,31.0,23.9,94.0,70.0
2021,7,12,3.7,32.5,23.3,92.0,63.0
2021,7,13,2.4,34.2,24.2,92.0,58.0
2021,7,14,0.0,32.0,22.8,91.0,66.0
2021,7,15,0.0,34.0,24.7,89.0,57.0
2021,7,16,18.8,28.0,21.6,94.0,77.0
2021,7,17,0.1,30.6,22.5,88.0,67.0
2021,7,18,0.0,31.6,24.4,90.0,70.0
2021,7,19,26.1,34.8,24.6,92.0,56.0
2021,7,20,0.0,33.1,22.4,94.0,63.0
2021,7,21,0.0,33.5,25.4,92.0,58.0
2021,7,22,64.6,33.0,24.7,84.0,58.0
2021,7,23,25.9,27.6,22.0,97.0,83.0
2021,7,24,0.0,32.1,23.5,95.0,64.0
2021,7,25,26.1,32.0,24.1,95.0,70.0
2021,7,26,0.0,33.8,23.4,95.0,63.0
2021,7,27,15.3,31.2,25.3,94.0,67.0
2021,7,28,3.1,32.5,23.7,94.0,65.0
2021,7,29,13.0,26.7,23.5,94.0,82.0
2021,7,30,2.5,27.3,23.0,95.0,78.0
2021,7,31,23.2,32.0,21.9,95.0,67.0
2021,8,1,0.7,31.5,22.5,96.0,63.0
2021,8,2,0.0,31.6,23.2,91.0,67.0
2021,8,3,70.6,31.5,22.2,92.0,69.0
2021,8,4,22.1,31.2,21.7,91.0,72.0
2021,8,5,0.0,27.5,21.4,96.0,74.0
2021,8,6,1.9,29.9,22.9,96.0,72.0
2021,8,7,10.3,30.6,23.0,93.0,69.0
2021,8,8,3.4,29.8,22.7,94.0,75.0
2021,8,9,0.0,32.6,22.7,91.0,66.0
2021,8,10,0.0,30.2,25.3,90.0,72.0
2021,8,11,27.9,30.8,24.6,96.0,74.0
2021,8,12,0.0,31.6,22.9,96.0,74.0
2021,8,13,0.5,30.5,22.8,94.0,71.0
2021,8,14,66.7,31.0,21.9,96.0,72.0
2021,8,15,59.7,30.2,20.5,97.0,74.0
2021,8,16,1.0,30.5,22.4,94.0,77.0
2021,8,17,20.5,32.2,22.5,96.0,68.0
2021,8,18,0.0,31.6,21.8,98.0,59.0
2021,8,19,0.0,31.1,22.6,88.0,65.0
2021,8,20,1.4,33.2,24.5,78.0,58.0
2021,8,21,12.9,33.2,22.5,86.0,62.0
2021,8,22,8.9,32.0,21.8,95.0,45.0
2021,8,23,0.0,32.0,23.6,96.0,69.0
2021,8,24,33.2,33.7,23.7,95.0,65.0
2021,8,25,9.8,30.7,21.3,91.0,69.0
2021,8,26,12.9,28.6,23.3,93.0,76.0
2021,8,27,0.0,31.2,23.0,98.0,70.0
2021,8,28,8.5,33.0,23.4,93.0,63.0
2021,8,29,14.6,29.7,21.5,94.0,77.0
2021,8,30,17.8,31.3,22.7,96.0,71.0
2021,8,31,9.9,29.4,21.6,96.0,77.0
2021,9,1,4.3,32.3,22.8,96.0,78.0
2021,9,2,0.0,32.8,21.0,95.0,81.0
2021,9,3,16.4,28.0,21.4,97.0,83.0
2021,9,4,0.0,32.0,23.3,96.0,70.0
2021,9,5,16.7,33.3,23.0,91.0,62.0
2021,9,6,0.3,30.2,21.8,96.0,75.0
2021,9,7,0.0,33.3,23.1,91.0,63.0
2021,9,8,0.0,34.4,23.0,94.0,65.0
2021,9,9,24.1,30.2,22.0,96.0,81.0
2021,9,10,0.3,31.0,21.9,96.0,78.0
2021,9,11,0.0,31.0,23.5,97.0,81.0
2021,9,12,3.1,32.7,23.5,96.0,81.0
2021,9,13,0.0,33.1,21.8,95.0,74.0
2021,9,14,0.0,33.7,23.5,95.0,76.0
2021,9,15,7.5,33.0,25.8,93.0,67.0
2021,9,16,9.1,27.4,22.5,96.0,84.0
2021,9,17,0.2,33.0,22.5,96.0,65.0
2021,9,18,0.0,34.0,23.5,94.0,60.0
2021,9,19,0.0,33.6,22.5,91.0,59.0
2021,9,20,0.0,34.6,23.4,93.0,57.0
2021,9,21,3.3,34.7,24.5,88.0,53.0
2021,9,22,17.0,34.0,24.0,88.0,59.0
2021,9,23,0.0,34.0,23.2,91.0,55.0
2021,9,24,13.6,34.0,24.5,87.0,62.0
2021,9,25,0.0,33.0,21.5,95.0,67.0
2021,9,26,0.0,29.5,23.4,92.0,57.0
2021,9,27,0.0,35.3,24.2,92.0,61.0
2021,9,28,0.0,34.8,22.9,86.0,62.0
2021,9,29,0.0,33.8,23.9,93.0,59.0
2021,9,30,0.0,33.5,21.8,91.0,66.0
2021,10,1,3.0,33.1,23.0,93.0,61.0
2021,10,2,0.0,32.6,23.9,92.0,62.0
2021,10,3,0.0,33.5,24.5,92.0,67.0
2021,10,4,16.9,35.7,23.5,91.0,58.0
2021,10,5,1.6,33.7,21.4,91.0,68.0
2021,10,6,1.4,35.7,23.3,94.0,55.0
2021,10,7,1.5,34.3,23.5,87.0,67.0
2021,10,8,1.6,36.0,24.9,92.0,60.0
2021,10,9,0.0,36.0,23.5,88.0,53.0
2021,10,10,0.0,31.5,22.0,86.0,47.0
2021,10,11,3.3,35.2,25.6,86.0,56.0
2021,10,12,0.5,35.4,23.8,93.0,52.0
2021,10,13,0.0,36.7,23.9,84.0,42.0
2021,10,14,0.0,35.6,25.2,90.0,61.0
2021,10,15,0.0,37.0,24.0,88.0,41.0
2021,10,16,0.3,35.5,23.5,84.0,57.0
2021,10,17,0.0,35.8,23.5,84.0,48.0
2021,10,18,0.0,36.7,23.6,79.0,35.0
2021,10,19,0.2,35.0,26.5,75.0,57.0
2021,10,20,35.2,34.2,24.0,88.0,59.0
2021,10,21,3.5,34.5,25.3,90.0,58.0
2021,10,22,4.0,31.0,21.7,96.0,69.0
2021,10,23,0.0,32.5,23.5,90.0,75.0
2021,10,24,0.0,34.4,23.5,95.0,58.0
2021,10,25,0.0,34.0,25.0,89.0,57.0
2021,10,26,0.0,34.5,24.4,90.0,55.0
2021,10,27,0.0,35.3,24.3,84.0,52.0
2021,10,28,2.8,34.0,24.5,92.0,62.0
2021,10,29,0.0,33.4,22.5,87.0,58.0
2021,10,30,0.0,34.1,24.3,88.0,56.0
2021,10,31,0.0,36.9,25.0,81.0,34.0
2021,11,1,0.0,35.9,24.1,76.0,47.0
2021,11,2,0.0,36.2,23.7,88.0,46.0
2021,11,3,0.0,35.9,22.6,81.0,45.0
2021,11,4,0.0,36.0,23.7,80.0,46.0
2021,11,5,0.0,36.8,23.5,80.0,40.0
2021,11,6,0.0,36.5,25.0,72.0,41.0
2021,11,7,0.0,37.0,22.5,75.0,41.0
2021,11,8,0.0,36.8,24.5,80.0,42.0
2021,11,9,0.0,36.6,24.3,82.0,36.0
2021,11,10,0.0,35.6,22.4,67.0,29.0
2021,11,11,0.0,32.5,22.9,56.0,35.0
2021,11,12,0.0,31.9,23.5,40.0,29.0
2021,11,13,0.0,35.0,21.5,40.0,29.0
2021,11,14,0.0,35.4,22.0,43.0,31.0
2021,11,15,0.0,36.2,22.2,49.0,30.0
2021,11,16,0.0,35.7,22.4,50.0,31.0
2021,11,17,0.0,35.7,21.3,53.0,31.0
2021,11,18,0.0,36.0,20.4,70.0,29.0
2021,11,19,0.0,36.5,22.5,44.0,27.0
2021,11,20,0.0,36.0,21.5,41.0,29.0
2021,11,21,0.0,36.6,22.1,41.0,27.0
2021,11,22,0.0,36.1,19.9,57.0,29.0
2021,11,23,0.0,36.6,21.0,55.0,26.0
2021,11,24,0.0,36.7,24.4,40.0,27.0
2021,11,25,0.0,36.6,22.5,52.0,27.0
2021,11,26,0.0,37.0,20.6,63.0,27.0
2021,11,27,0.0,34.7,21.0,56.0,34.0
2021,11,28,0.0,37.2,20.8,60.0,25.0
2021,11,29,0.0,35.2,22.9,39.0,29.0
2021,11,30,0.0,35.4,20.2,58.0,26.0
2021,12,1,0.0,36.0,19.6,53.0,22.0
2021,12,2,0.0,35.5,20.0,53.0,27.0
2021,12,3,0.0,36.0,19.6,55.0,28.0
2021,12,4,0.0,35.5,20.5,48.0,31.0
2021,12,5,0.0,35.1,20.6,45.0,27.0
2021,12,6,0.0,33.5,21.5,38.0,27.0
2021,12,7,0.0,34.0,21.0,37.0,28.0
2021,12,8,0.0,36.0,21.5,39.0,27.0
2021,12,9,0.0,35.0,19.8,46.0,24.0
2021,12,10,0.0,35.0,18.6,60.0,31.0
2021,12,11,0.0,32.9,18.0,52.0,25.0
2021,12,12,0.0,33.0,18.5,54.0,28.0
2021,12,13,0.0,33.5,18.5,47.0,28.0
2021,12,14,0.0,34.3,19.6,53.0,27.0
2021,12,15,0.0,34.2,22.1,29.0,21.0
2021,12,16,0.0,34.5,22.9,38.0,27.0
2021,12,17,0.0,34.5,21.0,51.0,25.0
2021,12,18,0.0,34.5,22.9,37.0,22.0
2021,12,19,0.0,33.5,20.0,49.0,26.0
2021,12,20,0.0,32.7,21.8,32.0,21.0
2021,12,21,0.0,32.6,19.6,38.0,21.0
2021,12,22,0.0,32.2,20.4,35.0,23.0
2021,12,23,0.0,32.5,21.0,34.0,20.0
2021,12,24,0.0,34.0,18.5,31.0,25.0
2021,12,25,0.0,33.0,22.5,33.0,23.0
2021,12,26,0.0,34.5,20.5,37.0,23.0
2021,12,27,0.0,33.2,23.2,30.0,23.0
2021,12,28,0.0,33.7,21.7,36.0,24.0
2021,12,29,0.0,33.5,19.7,35.0,22.0
2021,12,30,0.0,34.3,17.5,54.0,24.0
2021,12,31,0.0,34.5,21.1,33.0,15.0
2022,1,1,0.0,34.2,20.5,38.0,22.0
2022,1,2,0.0,33.5,21.5,48.0,22.0
2022,1,3,0.0,32.9,20.2,54.0,44.0
2022,1,4,0.0,33.2,17.7,62.0,44.0
2022,1,5,0.0,33.3,18.9,59.0,23.0
2022,1,6,0.0,33.0,18.8,41.0,22.0
2022,1,7,0.0,32.6,17.5,44.0,25.0
2022,1,8,0.0,33.0,18.1,43.0,22.0
2022,1,9,0.0,32.0,20.1,30.0,22.0
2022,1,10,0.0,32.2,18.6,32.0,18.0
2022,1,11,0.0,31.2,19.8,33.0,23.0
2022,1,12,0.0,34.2,20.3,40.0,14.0
2022,1,13,0.0,35.5,19.5,41.0,19.0
2022,1,14,0.0,36.0,20.7,40.0,25.0
2022,1,15,0.0,32.7,22.0,39.0,30.0
2022,1,16,0.0,33.5,21.0,48.0,38.0
2022,1,17,0.0,32.4,20.4,52.0,19.0
2022,1,18,0.0,33.2,20.3,32.0,21.0
2022,1,19,0.0,33.2,19.0,30.0,19.0
2022,1,20,0.0,33.5,18.5,32.0,22.0
2022,1,21,0.0,33.5,18.8,58.0,20.0
2022,1,22,0.0,34.0,19.0,42.0,24.0
2022,1,23,0.0,32.6,19.0,35.0,17.0
2022,1,24,0.0,33.4,19.0,35.0,18.0
2022,1,25,0.0,33.5,21.2,31.0,21.0
2022,1,26,0.0,30.8,19.2,37.0,27.0
2022,1,27,0.0,35.5,15.6,49.0,22.0
2022,1,28,0.0,36.5,18.0,54.0,23.0
2022,1,29,0.0,36.5,18.0,48.0,19.0
2022,1,30,0.0,35.3,19.6,31.0,19.0
2022,1,31,0.0,37.2,19.5,33.0,19.0
2022,2,1,0.0,33.7,22.9,31.0,18.0
2022,2,2,0.0,34.3,19.6,26.0,15.0
2022,2,3,0.0,34.1,20.5,30.0,23.0
2022,2,4,0.0,36.0,18.3,42.0,17.0
2022,2,5,0.0,36.2,19.2,34.0,18.0
2022,2,6,0.0,36.5,18.7,33.0,19.0
2022,2,7,0.0,36.6,20.5,27.0,19.0
2022,2,8,0.0,36.7,21.2,31.0,17.0
2022,2,9,0.0,37.2,22.8,25.0,15.0
2022,2,10,0.0,36.7,22.7,22.0,16.0
2022,2,11,0.0,35.2,21.5,30.0,24.0
2022,2,12,0.0,35.0,19.6,38.0,28.0
2022,2,13,0.0,34.5,20.0,32.0,26.0
2022,2,14,0.0,34.5,20.3,30.0,18.0
2022,2,15,0.0,35.0,20.5,28.0,17.0
2022,2,16,0.0,36.0,20.1,28.0,18.0
2022,2,17,0.0,37.0,21.5,25.0,19.0
2022,2,18,0.0,38.5,22.8,29.0,18.0
2022,2,19,0.0,37.5,22.7,25.0,17.0
2022,2,20,0.0,40.2,23.9,22.0,16.0
2022,2,21,0.0,40.6,22.9,44.0,18.0
2022,2,22,0.0,40.0,23.5,35.0,18.0
2022,2,23,0.0,40.5,21.0,40.0,16.0
2022,2,24,0.0,40.5,21.4,37.0,12.0
2022,2,25,0.0,41.0,22.0,36.0,19.0
2022,2,26,0.0,41.5,22.9,47.0,16.0
2022,2,27,0.0,41.0,26.0,25.0,15.0
2022,2,28,0.0,38.2,25.2,41.0,23.0
2022,3,1,0.0,38.0,26.5,36.0,23.0
2022,3,2,0.0,39.0,25.2,31.0,21.0
2022,3,3,0.0,37.1,26.5,33.0,18.0
2022,3,4,0.0,36.0,25.4,28.0,22.0
2022,3,5,0.0,37.7,24.7,26.0,19.0
2022,3,6,0.0,38.6,23.7,24.0,15.0
2022,3,7,0.0,37.6,23.2,25.0,16.0
2022,3,8,0.0,37.0,23.8,21.0,14.0
2022,3,9,0.0,39.0,23.5,22.0,18.0
2022,3,10,0.0,40.3,24.0,23.0,17.0
2022,3,11,0.0,40.3,25.5,24.0,17.0
2022,3,12,0.0,39.5,26.8,20.0,15.0
2022,3,13,0.0,39.5,26.7,21.0,17.0
2022,3,14,0.0,40.4,26.0,23.0,16.0
2022,3,15,0.0,40.0,27.0,40.0,26.0
2022,3,16,0.0,39.0,28.5,44.0,22.0
2022,3,17,0.0,38.0,27.0,36.0,25.0
2022,3,18,0.0,38.5,26.0,32.0,27.0
2022,3,19,0.0,40.5,26.6,31.0,22.0
2022,3,20,0.0,40.8,26.0,42.0,22.0
2022,3,21,0.0,40.0,28.2,57.0,34.0
2022,3,22,0.0,40.5,27.5,63.0,19.0
2022,3,23,0.0,40.8,22.5,47.0,17.0
2022,3,24,0.0,39.3,26.2,59.0,33.0
2022,3,25,0.0,39.2,27.0,68.0,25.0
2022,3,26,0.0,40.4,25.9,53.0,27.0
2022,3,27,0.0,40.6,29.2,58.0,34.0
2022,3,28,0.0,40.6,27.5,65.0,24.0
2022,3,29,0.0,41.5,26.0,42.0,15.0
2022,3,30,0.0,42.0,24.5,43.0,20.0
2022,3,31,0.0,42.2,27.0,49.0,26.0
2022,4,1,0.0,41.5,28.8,53.0,31.0
2022,4,2,0.0,41.0,26.0,55.0,26.0
2022,4,3,0.0,40.6,26.6,66.0,29.0
2022,4,4,0.0,42.8,26.6,62.0,20.0
2022,4,5,0.0,42.5,30.0,29.0,21.0
2022,4,6,0.0,40.6,28.2,58.0,29.0
2022,4,7,0.0,42.0,28.9,57.0,15.0
2022,4,8,0.0,42.5,28.4,60.0,14.0
2022,4,9,0.0,43.0,27.6,37.0,14.0
2022,4,10,0.0,42.7,29.0,30.0,15.0
2022,4,11,0.0,40.4,27.5,59.0,35.0
2022,4,12,4.3,40.4,25.5,77.0,33.0
2022,4,13,0.0,41.5,26.0,72.0,24.0
2022,4,14,0.0,41.8,29.0,54.0,22.0
2022,4,15,0.0,41.0,29.5,63.0,29.0
2022,4,16,0.0,40.0,27.0,55.0,24.0
2022,4,17,4.3,38.5,24.5,77.0,34.0
2022,4,18,0.0,39.0,25.7,75.0,22.0
2022,4,19,0.0,41.0,26.5,44.0,15.0
2022,4,20,0.0,41.0,26.0,28.0,13.0
2022,4,21,0.0,42.2,25.8,43.0,13.0
2022,4,22,0.0,39.7,26.5,41.0,23.0
2022,4,23,0.0,41.8,27.6,30.0,14.0
2022,4,24,0.0,41.5,29.4,21.0,15.0
2022,4,25,0.0,41.5,29.0,29.0,17.0
2022,4,26,0.0,41.6,27.5,35.0,19.0
2022,4,27,0.0,41.6,27.5,38.0,23.0
2022,4,28,0.0,37.0,27.5,64.0,37.0
2022,4,29,1.6,39.8,23.6,85.0,29.0
2022,4,30,0.0,40.0,27.0,58.0,32.0
2022,5,1,0.0,40.6,27.6,58.0,35.0
2022,5,2,0.0,39.0,26.4,87.0,41.0
2022,5,3,0.0,34.8,28.0,84.0,47.0
2022,5,4,0.0,40.0,26.6,72.0,25.0
2022,5,5,0.0,41.7,28.5,55.0,21.0
2022,5,6,0.0,42.3,28.5,71.0,26.0
2022,5,7,0.0,41.0,28.5,72.0,33.0
2022,5,8,0.0,38.6,28.5,62.0,46.0
2022,5,9,0.0,36.6,25.0,61.0,40.0
2022,5,10,0.0,40.0,26.5,72.0,42.0
2022,5,11,0.0,40.2,26.5,74.0,40.0
2022,5,12,0.0,41.5,27.5,68.0,40.0
2022,5,13,0.0,41.5,29.5,63.0,34.0
2022,5,14,0.0,41.8,27.5,67.0,31.0
2022,5,15,0.0,41.7,28.5,41.0,34.0
2022,5,16,0.0,40.6,26.5,57.0,29.0
2022,5,17,0.0,41.0,30.0,61.0,43.0
2022,5,18,0.0,41.6,29.1,64.0,31.0
2022,5,19,0.0,41.6,27.5,68.0,25.0
2022,5,20,0.0,40.2,29.8,69.0,33.0
2022,5,21,0.0,39.5,26.0,63.0,32.0
2022,5,22,0.0,37.5,25.5,78.0,56.0
2022,5,23,0.0,37.5,27.0,74.0,49.0
2022,5,24,0.0,34.5,24.6,71.0,54.0
2022,5,25,0.0,35.5,26.0,80.0,50.0
2022,5,26,0.0,36.0,26.5,74.0,49.0
2022,5,27,0.0,34.5,24.7,84.0,62.0
2022,5,28,0.0,39.0,26.5,83.0,31.0
2022,5,29,0.0,41.5,27.5,64.0,32.0
2022,5,30,0.0,37.4,29.6,60.0,45.0
2022,5,31,0.0,37.0,25.8,74.0,38.0
2022,6,1,5.0,41.4,26.0,70.0,30.0
2022,6,2,0.0,39.5,26.1,63.0,36.0
2022,6,3,0.0,40.1,28.6,61.0,32.0
2022,6,4,0.0,34.1,21.5,92.0,46.0
2022,6,5,0.0,38.0,25.0,79.0,41.0
2022,6,6,0.0,35.5,26.5,70.0,42.0
2022,6,7,0.0,33.0,25.0,72.0,53.0
2022,6,8,0.0,37.2,25.0,84.0,48.0
2022,6,9,0.0,38.5,26.0,74.0,36.0
2022,6,10,0.0,39.5,26.4,64.0,32.0
2022,6,11,13.0,39.0,27.0,71.0,38.0
2022,6,12,0.8,32.0,23.5,75.0,52.0
2022,6,13,0.0,35.0,23.4,89.0,47.0
2022,6,14,15.2,37.0,22.5,91.0,48.0
2022,6,15,0.0,33.0,22.5,91.0,56.0
2022,6,16,0.0,33.5,25.5,82.0,55.0
2022,6,17,0.5,32.6,24.1,80.0,60.0
2022,6,18,0.0,32.5,24.0,84.0,59.0
2022,6,19,0.6,35.1,25.9,81.0,58.0
2022,6,20,30.4,35.0,23.0,91.0,51.0
2022,6,21,17.8,28.2,21.5,95.0,71.0
2022,6,22,26.5,32.5,21.5,91.0,56.0
2022,6,23,0.0,32.5,21.5,94.0,76.0
2022,6,24,0.0,35.0,23.5,87.0,48.0
2022,6,25,0.2,33.0,24.7,85.0,62.0
2022,6,26,0.0,35.5,23.5,93.0,48.0
2022,6,27,27.5,37.9,25.4,87.0,47.0
2022,6,28,0.0,31.3,22.5,91.0,71.0
2022,6,29,0.0,36.5,24.4,92.0,57.0
2022,6,30,32.3,36.0,26.5,82.0,49.0
2022,7,1,0.1,28.9,21.5,96.0,74.0
2022,7,2,16.5,31.7,23.0,94.0,72.0
2022,7,3,0.0,33.0,23.1,95.0,61.0
2022,7,4,0.0,32.6,24.5,90.0,62.0
2022,7,5,2.5,32.5,24.5,84.0,59.0
2022,7,6,0.0,34.0,23.0,77.0,48.0
2022,7,7,20.6,34.5,24.5,87.0,55.0
2022,7,8,2.6,31.0,21.4,81.0,64.0
2022,7,9,0.6,31.6,24.0,88.0,62.0
2022,7,10,0.0,33.5,24.5,83.0,61.0
2022,7,11,9.6,31.5,21.8,91.0,72.0
2022,7,12,0.0,33.5,23.3,91.0,64.0
2022,7,13,0.0,34.8,25.3,91.0,57.0
2022,7,14,0.4,35.0,25.2,82.0,60.0
2022,7,15,0.0,34.0,25.0,84.0,61.0
2022,7,16,3.6,35.5,24.0,91.0,57.0
2022,7,17,34.2,30.0,22.0,95.0,79.0
2022,7,18,0.3,32.5,22.0,96.0,56.0
2022,7,19,11.1,31.0,24.0,92.0,71.0
2022,7,20,99.6,31.0,23.4,94.0,63.0
2022,7,21,0.0,29.6,22.5,96.0,72.0
2022,7,22,3.8,33.0,24.0,94.0,62.0
2022,7,23,5.3,34.0,24.6,87.0,59.0
2022,7,24,3.2,30.8,22.5,92.0,65.0
2022,7,25,2.1,31.9,23.6,94.0,65.0
2022,7,26,0.0,34.5,24.0,92.0,56.0
2022,7,27,0.0,33.0,22.5,85.0,62.0
2022,7,28,0.0,33.0,24.5,89.0,62.0
2022,7,29,11.9,32.7,22.0,92.0,82.0
2022,7,30,9.0,29.7,23.3,93.0,75.0
2022,7,31,0.0,33.5,23.1,92.0,69.0
2022,8,1,23.5,30.5,22.0,94.0,71.0
2022,8,2,0.0,31.6,22.0,95.0,71.0
2022,8,3,24.0,32.5,22.5,96.0,60.0
2022,8,4,0.4,32.5,22.5,92.0,75.0
2022,8,5,4.3,31.5,21.5,92.0,63.0
2022,8,6,0.0,33.0,23.5,94.0,63.0
2022,8,7,0.0,34.0,24.2,94.0,63.0
2022,8,8,25.1,31.0,22.9,93.0,76.0
2022,8,9,2.1,35.0,23.3,94.0,55.0
2022,8,10,54.9,32.2,23.0,90.0,70.0
2022,8,11,3.6,30.2,22.5,96.0,78.0
2022,8,12,57.0,28.8,23.5,96.0,77.0
2022,8,13,1.4,31.6,23.5,96.0,64.0
2022,8,14,20.6,28.5,23.0,98.0,73.0
2022,8,15,1.0,31.0,21.0,90.0,70.0
2022,8,16,22.1,28.0,22.0,96.0,79.0
2022,8,17,0.0,30.5,22.0,96.0,68.0
2022,8,18,0.0,31.5,23.5,92.0,69.0
2022,8,19,0.0,33.4,24.0,91.0,57.0
2022,8,20,29.8,27.1,21.5,96.0,83.0
2022,8,21,0.0,30.0,22.0,95.0,68.0
2022,8,22,0.0,32.5,22.9,92.0,72.0
2022,8,23,13.6,33.0,23.0,92.0,73.0
2022,8,24,0.0,30.5,22.0,95.0,73.0
2022,8,25,0.0,31.9,23.3,91.0,65.0
2022,8,26,0.0,32.8,24.7,83.0,63.0
2022,8,27,2.7,27.5,22.5,88.0,73.0
2022,8,28,0.4,30.0,22.6,88.0,77.0
2022,8,29,14.1,31.5,23.5,92.0,63.0
2022,8,30,2.6,31.5,22.5,98.0,58.0
2022,8,31,10.5,29.5,22.5,89.0,73.0
2022,9,1,7.5,26.6,22.0,94.0,88.0
2022,9,2,0.1,31.5,22.5,96.0,67.0
2022,9,3,0.0,26.5,23.1,88.0,83.0
2022,9,4,0.0,30.7,21.4,92.0,72.0
2022,9,5,20.0,34.5,22.6,91.0,53.0
2022,9,6,0.0,32.5,21.2,96.0,61.0
2022,9,7,27.2,32.5,24.0,93.0,62.0
2022,9,8,0.0,27.8,22.0,96.0,74.0
2022,9,9,92.2,32.9,22.5,93.0,61.0
2022,9,10,0.1,28.1,21.1,98.0,74.0
2022,9,11,0.0,31.2,23.3,92.0,61.0
2022,9,12,1.7,32.0,22.5,92.0,62.0
2022,9,13,40.0,31.8,21.5,93.0,60.0
2022,9,14,0.0,31.5,22.0,93.0,61.0
2022,9,15,24.0,33.2,23.0,92.0,64.0
2022,9,16,5.8,32.8,22.0,96.0,53.0
2022,9,17,30.3,28.5,22.5,97.0,87.0
2022,9,18,0.0,30.3,23.0,95.0,74.0
2022,9,19,45.0,33.0,23.5,92.0,59.0
2022,9,20,21.1,35.5,22.0,95.0,84.0
2022,9,21,3.1,30.0,22.6,96.0,76.0
2022,9,22,15.3,31.6,23.4,90.0,67.0
2022,9,23,0.5,31.0,21.5,95.0,69.0
2022,9,24,0.0,33.0,23.0,92.0,60.0
2022,9,25,42.5,30.0,21.4,95.0,70.0
2022,9,26,18.0,31.4,21.0,93.0,59.0
2022,9,27,0.0,32.5,21.5,96.0,61.0
2022,9,28,0.0,33.0,23.5,96.0,64.0
2022,9,29,0.0,32.5,23.5,85.0,62.0
2022,9,30,23.9,35.0,23.5,92.0,52.0
2022,10,1,0.3,30.0,22.0,87.0,69.0
2022,10,2,0.0,31.3,23.9,91.0,70.0
2022,10,3,0.0,33.0,27.7,94.0,62.0
2022,10,4,0.0,35.2,25.0,86.0,51.0
2022,10,5,11.0,32.5,21.5,92.0,71.0
2022,10,6,0.0,31.5,20.6,91.0,66.0
2022,10,7,0.0,32.7,23.1,95.0,61.0
2022,10,8,0.0,32.6,25.1,89.0,63.0
2022,10,9,6.0,32.5,24.3,89.0,66.0
2022,10,10,0.0,33.0,23.5,82.0,54.0
2022,10,11,0.0,33.0,24.0,91.0,69.0
2022,10,12,0.2,33.5,23.0,87.0,58.0
2022,10,13,0.0,34.5,24.0,88.0,52.0
2022,10,14,0.0,33.2,24.0,83.0,58.0
2022,10,15,0.0,31.0,22.6,85.0,68.0
2022,10,16,0.0,33.5,23.6,92.0,68.0
2022,10,17,2.1,34.1,23.6,89.0,53.0
2022,10,18,0.0,34.0,23.5,91.0,47.0
2022,10,19,0.0,35.2,22.9,83.0,38.0
2022,10,20,0.0,34.1,23.0,79.0,49.0
2022,10,21,0.0,34.1,23.7,78.0,49.0
2022,10,22,0.0,33.0,23.2,76.0,59.0
2022,10,23,0.5,31.6,24.0,79.0,59.0
2022,10,24,0.0,34.5,24.5,74.0,42.0
2022,10,25,0.0,35.0,24.5,79.0,31.0
2022,10,26,0.0,34.0,22.0,67.0,40.0
2022,10,27,0.0,35.0,22.5,75.0,43.0
2022,10,28,0.0,35.0,24.5,75.0,40.0
2022,10,29,0.0,34.5,21.0,66.0,28.0
2022,10,30,0.0,33.5,22.0,88.0,36.0
2022,10,31,0.0,34.5,20.2,64.0,28.0
2022,11,1,0.0,35.0,23.0,47.0,29.0
2022,11,2,0.0,35.0,29.6,39.0,25.0
2022,11,3,0.0,34.5,21.7,43.0,24.0
2022,11,4,0.0,34.5,21.5,53.0,29.0
2022,11,5,0.0,34.5,20.0,62.0,30.0
2022,11,6,0.0,34.5,20.5,64.0,34.0
2022,11,7,0.0,34.0,22.5,67.0,32.0
2022,11,8,0.0,34.5,20.0,58.0,24.0
2022,11,9,0.0,34.0,18.0,56.0,25.0
2022,11,10,0.0,35.5,20.0,45.0,22.0
2022,11,11,0.0,35.0,21.5,39.0,25.0
2022,11,12,0.0,34.5,19.6,56.0,30.0
2022,11,13,0.0,34.0,21.5,70.0,44.0
2022,11,14,0.0,34.0,24.0,84.0,51.0
2022,11,15,0.0,32.7,25.5,70.0,50.0
2022,11,16,0.0,33.1,23.0,56.0,31.0
2022,11,17,0.0,32.7,22.0,42.0,25.0
2022,11,18,0.0,32.5,21.5,39.0,28.0
2022,11,19,0.0,33.5,22.0,40.0,25.0
2022,11,20,0.0,33.5,20.5,45.0,34.0
2022,11,21,0.0,32.0,23.0,44.0,31.0
2022,11,22,0.0,33.0,22.0,40.0,23.0
2022,11,23,0.0,33.0,21.0,38.0,30.0
2022,11,24,0.0,34.0,20.5,50.0,28.0
2022,11,25,0.0,34.0,19.5,53.0,30.0
2022,11,26,0.0,33.0,18.9,59.0,34.0
2022,11,27,0.0,32.6,17.9,61.0,47.0
2022,11,28,0.0,33.5,21.0,48.0,26.0
2022,11,29,0.0,35.0,19.5,60.0,27.0
2022,11,30,0.0,36.0,20.0,62.0,26.0
2022,12,1,0.0,35.0,21.0,50.0,30.0
2022,12,2,0.0,36.5,22.5,59.0,31.0
2022,12,3,0.0,34.1,23.4,78.0,55.0
2022,12,4,0.0,34.5,23.5,90.0,47.0
2022,12,5,0.0,32.0,24.0,72.0,47.0
2022,12,6,0.0,36.5,24.8,49.0,24.0
2022,12,7,0.0,37.5,23.0,43.0,25.0
2022,12,8,0.0,37.0,20.5,59.0,25.0
2022,12,9,0.0,35.3,20.2,54.0,27.0
2022,12,10,0.0,36.1,20.0,52.0,24.0
2022,12,11,0.0,35.5,18.0,58.0,22.0
2022,12,12,0.0,35.0,18.0,42.0,23.0
2022,12,13,0.0,35.5,18.0,43.0,20.0
2022,12,14,0.0,35.6,19.5,42.0,29.0
2022,12,15,0.0,36.0,19.5,38.0,20.0
2022,12,16,0.0,36.5,18.0,40.0,22.0
2022,12,17,0.0,36.5,17.0,58.0,22.0
2022,12,18,0.0,36.4,18.0,50.0,22.0
2022,12,19,0.0,34.5,22.0,34.0,19.0
2022,12,20,0.0,35.0,21.7,42.0,19.0
2022,12,21,0.0,27.5,22.5,32.0,28.0
2022,12,22,0.0,30.4,20.4,44.0,32.0
2022,12,23,0.0,32.8,19.3,41.0,28.0
2022,12,24,0.0,31.1,19.5,40.0,27.0
2022,12,25,0.0,33.1,17.0,53.0,21.0
2022,12,26,0.0,33.0,17.0,48.0,28.0
2022,12,27,0.0,33.3,19.0,53.0,31.0
2022,12,28,0.0,33.5,20.0,52.0,25.0
2022,12,29,0.0,34.5,20.0,43.0,32.0
2022,12,30,0.0,33.0,21.0,41.0,26.0
2022,12,31,0.0,33.5,22.1,36.0,19.0
2023,1,1,0.0,34.5,19.7,43.0,21.0
2023,1,2,0.0,32.5,18.5,41.0,20.0
2023,1,3,0.0,33.0,18.4,38.0,19.0
2023,1,4,0.0,32.5,18.0,41.0,19.0
2023,1,5,0.0,33.2,18.0,38.0,24.0
2023,1,6,0.0,34.0,18.5,44.0,27.0
2023,1,7,0.0,34.1,20.0,38.0,27.0
2023,1,8,0.0,34.5,22.1,36.0,26.0
2023,1,9,0.0,35.0,21.5,31.0,26.0
2023,1,10,0.0,35.5,21.5,34.0,28.0
2023,1,11,0.0,34.6,20.5,46.0,23.0
2023,1,12,0.0,35.0,17.5,46.0,24.0
2023,1,13,0.0,35.5,18.1,46.0,23.0
2023,1,14,0.0,35.0,19.5,36.0,19.0
2023,1,15,0.0,36.0,19.5,46.0,20.0
2023,1,16,0.0,36.0,19.5,38.0,20.0
2023,1,17,0.0,36.3,20.7,34.0,20.0
2023,1,18,0.0,35.5,20.2,37.0,17.0
2023,1,19,0.0,35.5,19.0,32.0,21.0
2023,1,20,0.0,36.5,19.0,38.0,20.0
2023,1,21,0.0,37.5,18.0,47.0,20.0
2023,1,22,0.0,37.5,18.5,52.0,20.0
2023,1,23,0.0,37.5,19.0,57.0,23.0
2023,1,24,0.0,36.6,21.0,50.0,26.0
2023,1,25,0.0,38.0,24.0,50.0,25.0
2023,1,26,0.0,39.0,23.0,39.0,18.0
2023,1,27,0.0,38.0,24.0,30.0,16.0
2023,1,28,0.0,35.8,21.5,27.0,21.0
2023,1,29,0.0,34.0,18.5,30.0,18.0
2023,1,30,0.0,34.0,18.5,37.0,23.0
2023,1,31,0.0,36.0,18.0,45.0,24.0
2023,2,1,0.0,36.5,21.0,38.0,22.0
2023,2,2,0.0,37.3,21.0,31.0,21.0
2023,2,3,0.0,37.0,20.5,24.0,19.0
2023,2,4,0.0,35.7,19.5,27.0,18.0
2023,2,5,0.0,36.6,20.5,27.0,19.0
2023,2,6,0.0,38.0,23.0,31.0,17.0
2023,2,7,0.0,38.5,23.5,27.0,21.0
2023,2,8,0.0,38.6,24.0,25.0,21.0
2023,2,9,0.0,39.0,23.5,33.0,22.0
2023,2,10,0.0,40.5,21.5,48.0,21.0
2023,2,11,0.0,40.4,23.4,50.0,22.0
2023,2,12,0.0,41.0,21.5,46.0,18.0
2023,2,13,0.0,40.7,21.7,41.0,14.0
2023,2,14,0.0,39.5,22.5,45.0,13.0
2023,2,15,0.0,37.5,21.5,45.0,17.0
2023,2,16,0.0,35.0,25.9,29.0,20.0
2023,2,17,0.0,37.5,24.2,28.0,18.0
2023,2,18,0.0,37.1,23.5,29.0,13.0
2023,2,19,0.0,37.0,22.5,29.0,15.0
2023,2,20,0.0,38.0,22.0,34.0,14.0
2023,2,21,0.0,39.0,22.5,31.0,16.0
2023,2,22,0.0,40.0,23.0,28.0,14.0
2023,2,23,0.0,41.0,21.0,44.0,16.0
2023,2,24,0.0,41.5,21.0,44.0,17.0
2023,2,25,0.0,41.0,25.0,29.0,20.0
2023,2,26,0.0,39.0,23.5,35.0,18.0
2023,2,27,0.0,40.0,24.5,33.0,17.0
2023,2,28,0.0,39.3,23.9,27.0,17.0
2023,3,1,0.0,41.0,24.0,33.0,17.0
2023,3,2,0.0,39.5,24.7,26.0,15.0
2023,3,3,0.0,40.5,24.5,28.0,17.0
2023,3,4,0.0,40.3,23.3,34.0,16.0
2023,3,5,0.0,41.5,23.0,36.0,16.0
2023,3,6,0.0,41.5,24.5,25.0,17.0
2023,3,7,0.0,37.5,26.0,26.0,19.0
2023,3,8,0.0,37.6,24.0,20.0,14.0
2023,3,9,0.0,40.5,21.0,29.0,13.0
2023,3,10,0.0,43.0,25.0,24.0,13.0
2023,3,11,0.0,43.0,23.0,25.0,14.0
2023,3,12,0.0,40.0,26.0,27.0,14.0
2023,3,13,0.0,41.5,26.0,53.0,25.0
2023,3,14,0.0,41.1,27.2,60.0,27.0
2023,3,15,0.0,41.5,27.5,55.0,26.0
2023,3,16,0.0,41.0,25.6,53.0,24.0
2023,3,17,0.0,43.2,24.3,46.0,17.0
2023,3,18,0.0,40.5,25.3,31.0,10.0
2023,3,19,0.0,41.1,21.2,33.0,16.0
2023,3,20,0.0,41.5,23.0,37.0,15.0
2023,3,21,0.0,40.6,23.5,35.0,18.0
2023,3,22,2.0,40.5,24.0,54.0,25.0
2023,3,23,0.0,36.6,23.5,76.0,38.0
2023,3,24,3.6,37.5,22.5,88.0,31.0
2023,3,25,0.0,40.0,24.5,49.0,17.0
2023,3,26,0.0,40.5,24.0,31.0,17.0
2023,3,27,0.0,41.0,23.7,44.0,17.0
2023,3,28,0.0,42.0,24.1,40.0,17.0
2023,3,29,0.4,40.3,25.7,53.0,34.0
2023,3,30,0.0,39.3,25.0,74.0,29.0
2023,3,31,0.0,42.0,27.0,36.0,15.0
2023,4,1,0.0,41.5,24.9,38.0,15.0
2023,4,2,0.0,41.5,24.0,38.0,14.0
2023,4,3,0.0,41.6,25.5,45.0,20.0
2023,4,4,0.0,41.5,23.5,48.0,19.0
2023,4,5,0.0,41.6,27.0,52.0,25.0
2023,4,6,0.0,41.6,27.0,61.0,25.0
2023,4,7,0.0,40.8,27.5,65.0,32.0
2023,4,8,0.6,39.0,25.6,70.0,32.0
2023,4,9,0.3,40.0,27.0,60.0,33.0
2023,4,10,0.0,38.5,26.5,59.0,22.0
2023,4,11,0.0,41.0,26.5,31.0,22.0
2023,4,12,0.0,40.5,26.7,52.0,22.0
2023,4,13,0.0,42.4,27.0,39.0,17.0
2023,4,14,0.0,43.0,28.5,23.0,17.0
2023,4,15,0.0,43.5,28.3,28.0,18.0
2023,4,16,0.0,43.0,26.8,31.0,14.0
2023,4,17,0.0,43.0,24.0,38.0,15.0
2023,4,18,0.0,43.5,25.5,35.0,18.0
2023,4,19,0.0,42.6,26.0,45.0,21.0
2023,4,20,0.0,44.0,29.0,56.0,23.0
2023,4,21,0.0,43.6,29.5,52.0,24.0
2023,4,22,0.0,42.5,27.0,46.0,18.0
2023,4,23,0.0,43.0,28.5,29.0,19.0
2023,4,24,0.0,43.5,27.0,29.0,19.0
2023,4,25,0.0,44.1,26.5,43.0,13.0
2023,4,26,0.0,42.5,28.0,59.0,13.0
2023,4,27,0.0,43.4,25.5,57.0,15.0
2023,4,28,0.0,43.5,26.0,27.0,12.0
2023,4,29,0.0,43.0,26.6,60.0,23.0
2023,4,30,0.0,41.5,28.4,59.0,31.0
2023,5,1,0.4,41.5,27.5,72.0,32.0
2023,5,2,0.0,42.0,27.1,64.0,29.0
2023,5,3,0.6,42.0,28.0,61.0,27.0
2023,5,4,0.0,42.1,27.5,63.0,32.0
2023,5,5,0.0,38.0,26.0,62.0,41.0
2023,5,6,0.0,43.0,27.5,69.0,27.0
2023,5,7,8.4,37.6,29.0,58.0,44.0
2023,5,8,18.8,30.0,22.3,91.0,61.0
2023,5,9,0.0,37.5,24.0,92.0,43.0
2023,5,10,0.0,41.5,27.0,64.0,24.0
2023,5,11,0.0,42.5,27.0,67.0,21.0
2023,5,12,0.0,41.1,27.1,66.0,29.0
2023,5,13,12.2,41.0,29.0,68.0,33.0
2023,5,14,0.4,34.6,23.5,92.0,56.0
2023,5,15,0.0,38.5,26.7,80.0,43.0
2023,5,16,0.0,39.5,27.3,77.0,41.0
2023,5,17,3.5,40.3,27.7,65.0,35.0
2023,5,18,0.0,37.1,24.5,84.0,35.0
2023,5,19,17.7,37.5,27.3,80.0,49.0
2023,5,20,6.4,37.1,24.0,88.0,50.0
2023,5,21,1.0,35.0,22.8,92.0,57.0
2023,5,22,1.5,38.2,26.0,74.0,47.0
2023,5,23,0.0,34.1,26.0,81.0,56.0
2023,5,24,19.4,35.895199999999996,26.1,87.0,34.0
2023,5,25,33.8,27.4,21.6,91.0,79.0
2023,5,26,0.0,37.7,29.1,93.0,37.0
2023,5,27,0.0,38.5,26.3,66.0,32.0
2023,5,28,0.0,39.5,26.0,76.0,27.0
2023,5,29,0.0,40.0,26.5,81.0,40.0
2023,5,30,0.0,40.0,29.2,76.0,35.0
2023,5,31,0.0,34.8,28.5,82.0,59.0
2023,6,1,0.0,38.0,25.5,86.0,45.0
2023,6,2,0.0,39.0,27.5,78.0,39.0
2023,6,3,0.0,36.6,28.0,77.0,48.0
2023,6,4,7.3,38.4,27.0,70.0,43.0
2023,6,5,1.4,36.0,22.8,93.0,45.0
2023,6,6,0.0,37.6,24.5,88.0,49.0
2023,6,7,0.0,39.0,26.9,79.0,39.0
2023,6,8,0.0,38.2,27.2,87.0,47.0
2023,6,9,0.0,39.5,27.3,80.0,42.0
2023,6,10,0.0,37.1,28.0,71.0,43.0
2023,6,11,5.1,37.0,23.9,84.0,51.0
2023,6,12,25.0,34.5,24.5,84.0,56.0
2023,6,13,0.0,36.5,22.5,92.0,62.0
2023,6,14,0.0,34.8,26.5,92.0,58.0
2023,6,15,4.5,35.0,26.5,80.0,60.0
2023,6,16,8.0,35.0,28.0,92.0,54.0
2023,6,17,3.0524952015355087,31.0,23.6,93.0,57.0
2023,6,18,0.0,35.0,24.2,89.0,57.0
2023,6,19,0.0,37.2,26.2,88.0,46.0
2023,6,20,0.0,32.7,27.0,75.0,50.0
2023,6,21,0.0,36.3,26.4,75.0,50.0
2023,6,22,19.9,36.0,26.5,81.0,47.0
2023,6,23,4.7,29.0,21.6,96.0,68.0
2023,6,24,0.0,35.2,24.8,91.0,53.0
2023,6,25,0.0,33.5,25.5,87.0,68.0
2023,6,26,0.0,33.5,24.0,92.0,56.0
2023,6,27,4.4,34.0,26.5,82.0,55.0
2023,6,28,3.0524952015355087,33.0,24.6,92.0,54.0
2023,6,29,27.7,35.0,25.0,87.0,55.0
2023,6,30,4.5,28.6,21.4,96.0,72.0
2023,7,1,21.7,34.0,23.0,94.0,61.0
2023,7,2,3.0524952015355087,33.5,23.0,96.0,59.0
2023,7,3,3.0524952015355087,33.0,25.0,92.0,65.0
2023,7,4,3.0524952015355087,34.5,25.5,88.0,49.0
2023,7,5,7.2,36.4,23.5,81.0,47.0
2023,7,6,0.4,34.0,23.2,91.0,54.0
2023,7,7,1.7,35.7,25.5,90.0,47.0
2023,7,8,3.0524952015355087,31.0,23.4,90.0,65.0
2023,7,9,3.0524952015355087,35.6,24.5,88.0,52.0
2023,7,10,7.0,35.5,26.0,85.0,50.0
2023,7,11,3.0524952015355087,31.6,23.0,92.0,63.0
2023,7,12,3.0524952015355087,36.5,24.5,93.0,51.0
2023,7,13,21.0,36.0,23.5,87.0,49.0
2023,7,14,3.0524952015355087,34.5,23.0,92.0,57.0
2023,7,15,28.0,34.9,24.0,84.0,53.0
2023,7,16,1.9,34.0,23.5,84.0,56.0
2023,7,17,3.0524952015355087,33.5,23.5,91.0,58.0
2023,7,18,3.0524952015355087,35.2,25.4,90.0,53.0
2023,7,19,3.0524952015355087,35.0,25.7,84.0,60.0
2023,7,20,3.0524952015355087,36.5,24.0,88.0,49.0
2023,7,21,3.0524952015355087,36.8,25.5,79.0,48.0
2023,7,22,16.4,35.6,26.5,85.0,43.0
2023,7,23,3.0524952015355087,33.5,21.1,93.0,57.0
2023,7,24,3.0,35.4,24.9,88.0,63.0
2023,7,25,24.2,32.0,25.0,92.0,78.0
2023,7,26,3.0524952015355087,35.5,23.5,93.0,58.0
2023,7,27,9.0,36.0,25.5,92.0,55.0
2023,7,28,4.6,28.0,22.0,96.0,78.0
2023,7,29,0.2,31.8,24.5,91.0,66.0
2023,7,30,12.0,31.5,24.0,94.0,69.0
2023,7,31,3.0524952015355087,34.5,24.7,84.0,56.0
2023,8,1,38.8,34.0,24.4,84.0,58.0
2023,8,2,16.3,28.0,21.8,94.0,77.0
2023,8,3,3.0524952015355087,30.6,23.1,91.0,74.0
2023,8,4,3.0524952015355087,35.5,24.0,93.0,54.0
2023,8,5,3.0524952015355087,34.7,27.0,87.0,63.0
2023,8,6,5.0,29.0,22.4,91.0,78.0
2023,8,7,3.0524952015355087,33.0,23.0,92.0,54.0
2023,8,8,3.0524952015355087,35.0,24.5,84.0,58.0
2023,8,9,3.0524952015355087,35.0,25.5,92.0,52.0
2023,8,10,21.7,30.2,23.0,90.0,71.0
2023,8,11,7.2,31.5,23.0,92.0,67.0
2023,8,12,9.4,32.0,24.5,95.0,69.0
2023,8,13,5.2,26.5,22.5,93.0,86.0
2023,8,14,0.7,33.0,23.7,96.0,60.0
2023,8,15,2.5,32.0,23.6,92.0,66.0
2023,8,16,3.0524952015355087,30.3,24.5,86.0,72.0
2023,8,17,3.0524952015355087,33.2,25.0,92.0,56.0
2023,8,18,4.6,34.0,25.0,85.0,59.0
2023,8,19,0.1,32.5,23.5,91.0,65.0
2023,8,20,3.0524952015355087,33.1,24.5,92.0,62.0
2023,8,21,0.3,33.5,25.0,92.0,57.0
2023,8,22,30.2,34.0,24.0,92.0,60.0
2023,8,23,12.0,33.5,23.5,95.0,64.0
2023,8,24,3.0524952015355087,31.5,21.5,92.0,68.0
2023,8,25,3.0524952015355087,35.0,24.5,87.0,58.0
2023,8,26,3.0524952015355087,34.5,27.5,82.0,55.0
2023,8,27,1.9,27.5,23.1,83.0,79.0
2023,8,28,8.1,34.5,23.0,96.0,68.0
2023,8,29,17.2,27.8,23.5,94.0,85.0
2023,8,30,3.0524952015355087,33.0,23.5,96.0,63.0
2023,8,31,18.8,31.0,21.7,91.0,73.0
2023,9,1,0.8,33.9,24.0,88.0,58.0
2023,9,2,0.2,33.6,25.1,93.0,56.0
2023,9,3,0.3,29.5,22.5,95.0,70.0
2023,9,4,1.1,31.0,24.0,89.0,67.0
2023,9,5,10.0,34.5,24.0,92.0,56.0
2023,9,6,35.0,33.6,23.0,96.0,60.0
2023,9,7,1.1,34.0,23.0,95.0,62.0
2023,9,8,24.6,35.0,24.0,92.0,59.0
2023,9,9,9.7,29.0,21.9,92.0,73.0
2023,9,10,30.7,33.0,21.5,95.0,64.0
2023,9,11,0.0,31.0,22.7,95.0,64.0
2023,9,12,0.0,36.0,25.0,92.0,50.0
2023,9,13,3.7,31.0,23.0,90.0,70.0
2023,9,14,0.0,32.7,22.5,88.0,49.0
2023,9,15,15.0,35.0,24.0,95.0,55.0
2023,9,16,0.0,33.0,23.1,95.0,65.0
2023,9,17,15.2,34.5,23.3,96.0,67.0
2023,9,18,0.0,31.0,22.0,94.0,72.0
2023,9,19,0.0,35.0,24.0,92.0,59.0
2023,9,20,0.0,35.5,24.0,89.0,55.0
2023,9,21,1.7,35.5,25.0,81.0,54.0
2023,9,22,0.0,32.0,25.5,90.0,69.0
2023,9,23,18.1,34.0,23.5,94.0,64.0
2023,9,24,0.0,34.1,22.5,87.0,61.0
2023,9,25,0.5,34.0,28.5,93.0,62.0
2023,9,26,0.0,35.0,23.2,86.0,57.0
2023,9,27,0.0,36.5,25.0,91.0,53.0
2023,9,28,31.7,37.5,23.5,90.0,51.0
2023,9,29,0.0,37.5,22.1,94.0,57.0
2023,9,30,0.0,33.6,23.5,86.0,51.0
2023,10,1,2.5,34.5,23.7,80.0,55.0
2023,10,2,0.3,34.6,25.5,87.0,63.0
2023,10,3,3.0524952015355087,35.5,23.5,88.0,61.0
2023,10,4,3.0524952015355087,36.0,28.5,90.0,43.0
2023,10,5,3.0524952015355087,34.6,24.5,87.0,58.0
2023,10,6,3.0524952015355087,35.5,26.0,88.0,56.0
2023,10,7,5.6,36.5,26.0,82.0,49.0
2023,10,8,4.7,36.0,23.5,88.0,60.0
2023,10,9,3.0524952015355087,34.9,23.8,84.0,57.0
2023,10,10,3.0524952015355087,36.2,26.0,84.0,53.0
2023,10,11,20.7,35.0,24.3,88.0,46.0
2023,10,12,3.0524952015355087,34.2,23.8,91.0,64.0
2023,10,13,3.0524952015355087,33.9,24.4,84.0,62.0
2023,10,14,3.0524952015355087,37.0,24.0,89.0,45.0
2023,10,15,3.0524952015355087,38.0,24.6,77.0,35.0
2023,10,16,3.0524952015355087,35.6,23.0,88.0,53.0
2023,10,17,3.5,31.0,24.0,84.0,55.0
2023,10,18,3.0524952015355087,36.0,24.0,89.0,46.0
2023,10,19,3.0524952015355087,35.0,24.5,88.0,56.0
2023,10,20,1.2,37.2,24.0,89.0,40.0
2023,10,21,3.0524952015355087,36.1,24.0,87.0,53.0
2023,10,22,0.8,35.5,23.5,80.0,56.0
2023,10,23,3.0524952015355087,37.0,23.7,82.0,51.0
2023,10,24,3.0524952015355087,36.5,24.0,76.0,41.0
2023,10,25,3.0524952015355087,36.1,23.8,80.0,37.0
2023,10,26,3.0524952015355087,37.0,23.3,90.0,33.0
2023,10,27,3.0524952015355087,36.0,22.7,79.0,34.0
2023,10,28,3.0524952015355087,35.5,24.4,89.0,53.0
2023,10,29,0.7,29.5,25.5,84.0,69.0
2023,10,30,3.0524952015355087,37.5,22.5,84.0,36.0
2023,10,31,3.0524952015355087,38.6,24.0,74.0,30.0
2023,11,1,0.0,37.0,23.0,65.0,40.0
2023,11,2,0.0,37.5,24.5,77.0,30.0
2023,11,3,0.0,38.0,22.0,71.0,25.0
2023,11,4,0.0,37.7,21.6,64.0,31.0
2023,11,5,0.0,37.5,23.4,76.0,39.0
2023,11,6,0.0,38.0,23.9,76.0,38.0
2023,11,7,0.0,39.0,25.7,81.0,34.0
2023,11,8,0.0,37.0,24.0,58.0,27.0
2023,11,9,0.0,36.0,24.0,72.0,29.0
2023,11,10,0.0,36.0,22.7,57.0,28.0
2023,11,11,0.0,36.5,22.5,53.0,31.0
2023,11,12,0.0,38.0,21.5,61.0,25.0
2023,11,13,0.0,38.5,21.0,42.0,24.0
2023,11,14,0.0,38.0,20.5,54.0,21.0
2023,11,15,0.0,37.5,20.0,61.0,22.0
2023,11,16,0.0,37.5,20.5,47.0,23.0
2023,11,17,0.0,37.5,21.0,52.0,32.0
2023,11,18,0.0,36.5,23.6,70.0,34.0
2023,11,19,0.0,38.0,25.0,58.0,25.0
2023,11,20,0.0,37.7,24.5,52.0,22.0
2023,11,21,0.0,37.0,23.4,36.0,16.0
2023,11,22,0.0,36.5,22.5,30.0,21.0
2023,11,23,0.0,36.0,21.7,37.0,25.0
2023,11,24,0.0,36.5,20.2,41.0,21.0
2023,11,25,0.0,34.5,19.0,52.0,28.0
2023,11,26,0.0,35.0,20.2,59.0,33.0
2023,11,27,0.0,35.5,21.5,61.0,34.0
2023,11,28,0.0,36.6,23.0,38.0,27.0
2023,11,29,0.0,35.2,24.0,41.0,24.0
2023,11,30,0.0,36.2,22.0,53.0,26.0
2023,12,1,0.0,38.0,23.5,39.0,24.0
2023,12,2,0.0,35.5,24.5,40.0,23.0
2023,12,3,0.0,37.1,22.5,36.0,18.0
2023,12,4,0.0,37.0,23.7,32.0,20.0
2023,12,5,0.0,36.1,23.3,44.0,23.0
2023,12,6,0.0,36.9,20.8,34.0,23.0
2023,12,7,0.0,36.2,19.7,53.0,25.0
2023,12,8,0.0,35.5,19.7,53.0,22.0
2023,12,9,0.0,35.5,21.5,35.0,21.0
2023,12,10,0.0,35.8,21.0,29.0,19.0
2023,12,11,0.0,35.0,20.8,37.0,21.0
2023,12,12,0.0,34.6,19.5,48.0,24.0
2023,12,13,0.0,33.5,19.5,59.0,27.0
2023,12,14,0.0,33.5,16.5,58.0,26.0
2023,12,15,0.0,33.8,19.0,49.0,24.0
2023,12,16,0.0,32.2,21.0,34.0,25.0
2023,12,17,0.0,30.0,21.5,32.0,26.0
2023,12,18,0.0,30.7,21.0,29.0,22.0
2023,12,19,0.0,28.6,17.0,58.0,24.0
2023,12,20,0.0,28.0,15.5,33.0,26.0
2023,12,21,0.0,28.5,16.5,33.0,22.0
2023,12,22,0.0,31.0,16.5,42.0,24.0
2023,12,23,0.0,33.5,16.5,53.0,23.0
2023,12,24,0.0,34.5,21.5,46.0,27.0
2023,12,25,0.0,35.5,21.0,46.0,23.0
2023,12,26,0.0,35.5,18.5,41.0,24.0
2023,12,27,0.0,35.5,15.5,54.0,22.0
2023,12,28,0.0,35.5,16.5,53.0,22.0
2023,12,29,0.0,34.6,18.0,46.0,22.0
2023,12,30,0.0,35.0,16.5,53.0,23.0
2023,12,31,0.0,36.0,17.0,53.0,25.0
2024,1,1,3.0524952015355087,36.0,17.5,51.0,21.0
2024,1,2,3.0524952015355087,36.6,17.9,52.0,22.0
2024,1,3,3.0524952015355087,36.5,18.9,40.0,19.0
2024,1,4,3.0524952015355087,36.6,17.2,46.0,22.0
2024,1,5,3.0524952015355087,36.0,19.0,45.0,23.0
2024,1,6,3.0524952015355087,35.0,23.0,37.0,21.0
2024,1,7,3.0524952015355087,36.7,21.7,34.0,24.0
2024,1,8,3.0524952015355087,37.0,20.0,43.0,20.0
2024,1,9,3.0524952015355087,37.0,20.5,41.0,20.0
2024,1,10,3.0524952015355087,37.5,19.0,51.0,26.0
2024,1,11,3.0524952015355087,38.5,21.0,51.0,23.0
2024,1,12,3.0524952015355087,38.5,23.5,36.0,21.0
2024,1,13,3.0524952015355087,37.5,22.5,34.0,19.0
2024,1,14,3.0524952015355087,36.6,22.0,31.0,21.0
2024,1,15,3.0524952015355087,37.0,19.2,54.0,19.0
2024,1,16,3.0524952015355087,37.1,19.5,41.0,21.0
2024,1,17,3.0524952015355087,37.0,19.5,42.0,21.0
2024,1,18,3.0524952015355087,35.5,18.2,41.0,16.0
2024,1,19,3.0524952015355087,37.0,17.2,44.0,18.0
2024,1,20,3.0524952015355087,37.6,18.5,52.0,19.0
2024,1,21,3.0524952015355087,37.5,19.2,45.0,15.0
2024,1,22,3.0524952015355087,37.0,22.0,30.0,18.0
2024,1,23,3.0524952015355087,35.5,21.0,37.0,20.0
2024,1,24,3.0524952015355087,35.5,20.0,30.0,19.0
2024,1,25,3.0524952015355087,36.0,20.0,40.0,17.0
2024,1,26,3.0524952015355087,34.5,21.0,43.0,22.0
2024,1,27,3.0524952015355087,33.5,19.5,40.0,24.0
2024,1,28,3.0524952015355087,33.4,20.0,44.0,22.0
2024,1,29,3.0524952015355087,35.0,19.5,37.0,18.0
2024,1,30,3.0524952015355087,35.0,20.0,35.0,20.0
2024,1,31,3.0524952015355087,35.0,22.6,29.0,18.0
